Date,Title,Text
"Apr 24, 2022",Top 5 Things to Watch in Markets in the Week Ahead,"By Gina Lee
Investing.com -- Oil was mixed on Tuesday morning in Asia, with a sudden fall in Libyan supplies adding to concerns about a tight market. Investors also continue to..."
"Mar 23, 2022",Top 5 Things to Watch in Markets in the Week Ahead,"By Yasin Ebrahim
Investing.com -- U.S. crude stockpiles dropped sharply last week, snapping two-weeks of gains at a time when fears of a supply shortage are receding amid fading..."
"Dec 13, 2021",Top 5 Things to Watch in Markets in the Week Ahead,"By Alistair Smout
LONDON (Reuters) -Booster COVID-19 shots significantly restore protection against mild disease caused by the Omicron variant, in part reversing an otherwise steep..."
"Dec 03, 2021",Top 5 Things to Watch in Markets in the Week Ahead,"By Trevor Hunnicutt
WASHINGTON (Reuters) - The United States on Wednesday identified its first known case of Omicron, discovered in a fully vaccinated patient who traveled to South..."
"Nov 11, 2021",Top 5 Things to Watch in Markets in the Week Ahead,"By David Shepardson
WASHINGTON (Reuters) - The U.S. Postal Service raised concerns on Wednesday that the Biden administration's new rules requiring large employers to require..."
"Nov 08, 2021",Top 5 Things to Watch in Markets in the Week Ahead,"By Krisztina Than and Nikolaj Skydsgaard
BUDAPEST (Reuters) - Coronavirus infections are hitting record levels in many countries across Europe as winter takes hold, prompting a..."
"Oct 20, 2021",Top 5 Things to Watch in Markets in the Week Ahead,"By Krishna N. Das
NEW DELHI (Reuters) - India's vaccination campaign has slowed despite amassing record stockpiles of vaccine, health ministry data showed on Monday, as authorities..."
"Aug 18, 2021",Top 5 Things to Watch in Markets in the Week Ahead,"By Peter Nurse   
Investing.com -- Crude oil prices weakened Tuesday, continuing the sharp losses of the previous session on concerns slowing global growth will hit demand in the..."
"Jul 30, 2021",Top 5 Things to Watch in Markets in the Week Ahead,"By Michael Erman and Carl O'Donnell
(Reuters) -Top U.S. infectious disease expert Dr. Anthony Fauci said on Friday he hopes regulators as soon as next month could start granting..."
"Jul 28, 2021",Top 5 Things to Watch in Markets in the Week Ahead,"By Danielle Kaye
(Reuters) - All Washington Post employees will be required to present proof of full COVID-19 vaccination by mid-September as a condition of employment, with..."
"Jul 12, 2021",Top 5 Things to Watch in Markets in the Week Ahead,"By Barani Krishnan
Investing.com - Crude prices posted their first weekly loss since mid-May as worries about trouble within OPEC tempered the bull market for oil.
The loss was a..."
"Jul 08, 2021",Top 5 Things to Watch in Markets in the Week Ahead,"By Bernadette Christina
JAKARTA (Reuters) - Indonesia has ordered oxygen makers to prioritise medical needs amid growing demand from COVID-19 patients, the government said on..."
"Apr 01, 2021",Top 5 Things to Watch in Markets in the Week Ahead,"By Carl O'Donnell
(Reuters) - Abbott Laboratories (NYSE:ABT) said on Wednesday that U.S. regulators have cleared its rapid COVID-19 antigen test for over-the-counter, at-home use..."
"Feb 03, 2021",Top 5 Things to Watch in Markets in the Week Ahead,"By Lynx Insight Service
(Reuters) - More than 103.44 million people have been reported to be infected by the novel coronavirus globally and 2,236,895​ have died, according to a..."
"Jan 21, 2021",Top 5 Things to Watch in Markets in the Week Ahead,"By Nandita Bose and Jeff Mason
WASHINGTON (Reuters) - President Joe Biden will sign 10 executive orders on Thursday to fight the coronavirus pandemic, including directing that..."
"Jan 21, 2021",Dow Futures Move Higher As Investors Brace for Earnings,"By Kate Kelland
LONDON (Reuters) - Larger trials are needed to assess whether Roche's arthritis drug tocilizumab can cut death rates among the sickest COVID-19 patients, scientists..."
"Jan 19, 2021",Top 5 Things to Watch in Markets in the Week Ahead,"By Francesco Guarascio
BRUSSELS (Reuters) - The European Union wants to set up a mechanism that would allow the sharing of surplus COVID-19 vaccines with poorer neighbouring states..."
"Jan 19, 2021",Dow Futures Move Higher As Investors Brace for Earnings,"By Tom Wilson
LONDON (Reuters) - Two British hospitals are using blockchain technology to keep tabs on the storage and supply of temperature-sensitive COVID-19 vaccines, the..."
"Jan 19, 2021",Oil Rises as OPEC+ Members Voice Support For Supply Cut,"By Kanishka Singh
(Reuters) - New York Governor Andrew Cuomo asked Pfizer Inc (NYSE:PFE) Chief Executive Albert Bourla on Monday if the state could buy COVID-19 vaccine doses..."
"Jan 17, 2021",Top 5 Things to Watch in Markets in the Week Ahead,"By Peter Szekely
NEW YORK (Reuters) - Scattered shortages of COVID-19 vaccines persisted on Saturday under pressure from growing demand, as previously inoculated Americans returned..."
"Jan 13, 2021",Top 5 Things to Watch in Markets in the Week Ahead,"By Kate Kelland and Josephine Mason
LONDON (Reuters) - The role and remit of the World Health Organization (WHO) should be examined in the wake of the COVID-19 pandemic, and..."
"Jan 13, 2021",Dow Futures Move Higher As Investors Brace for Earnings,"By David Shepardson
WASHINGTON (Reuters) - Nearly all air travelers will need to present a negative coronavirus test to enter the United States under expanded test testing..."
"Jan 12, 2021",Top 5 Things to Watch in Markets in the Week Ahead,"By Maria Caspani and Jonathan Allen
NEW YORK (Reuters) - New York officials said on Monday that they feared efforts to accelerate the vaccination of people against the novel..."
"Jan 09, 2021",Top 5 Things to Watch in Markets in the Week Ahead,"By Lucy Nicholson
MISSION VIEJO, Calif. (Reuters) - Southern California is so overwhelmed with coronavirus cases that patients are backed up trying to get into hospitals, and..."
"Jan 07, 2021",Top 5 Things to Watch in Markets in the Week Ahead,"By Roshan Abraham
(Reuters) - Coronavirus cases in Europe surpassed 25 million on Thursday, according to a Reuters tally, with several countries reinstating or extending lockdowns..."
"Jan 06, 2021",Top 5 Things to Watch in Markets in the Week Ahead,"By Dan Whitcomb and Steve Gorman
LOS ANGELES (Reuters) -Los Angeles health officials have told first responders to stop bringing adult patients who cannot be resuscitated to..."
"Jan 05, 2021",Top 5 Things to Watch in Markets in the Week Ahead,"By Dominique Vidalon and Sudip Kar-Gupta
PARIS (Reuters) -France is stepping up its COVID-19 vaccine rollout by widening further its first target group to include more health..."
"Jan 05, 2021",Dow Futures Move Higher As Investors Brace for Earnings,"By Alexander Winning
JOHANNESBURG (Reuters) - A variant of the coronavirus first detected in South Africa is unlikely to completely negate the immunising effects of vaccines, a..."
"Jan 05, 2021",Oil Rises as OPEC+ Members Voice Support For Supply Cut,"By Devjyot Ghoshal and Neha Arora
NEW DELHI (Reuters) - India is set to roll out a COVID-19 vaccination programme by next week, aiming to cover 300 million people by July, its top..."
"Jan 04, 2021",Top 5 Things to Watch in Markets in the Week Ahead,"By Jonathan Landay
WASHINGTON (Reuters) - Two top U.S. health officials on Sunday disputed a claim by President Donald Trump that federal data on COVID-19 cases and deaths in the..."
"Jan 04, 2021",Dow Futures Move Higher As Investors Brace for Earnings,"By Richard Cowan and Trevor Hunnicutt
WASHINGTON/REHOBOTH BEACH, Del. (Reuters) - In Washington's months-long political slugfest over who should get aid to counter the financial..."
"Dec 30, 2020",Top 5 Things to Watch in Markets in the Week Ahead,"By Jan Lopatka and Emilio Parodi
PRAGUE/ROME (Reuters) -
The European Union was asked on Tuesday to allow an extra dose of the COVID-19 vaccine developed by Pfizer (NYSE:PFE) and..."
"Dec 12, 2020",Top 5 Things to Watch in Markets in the Week Ahead,"By Kate Kelland
LONDON (Reuters) - Five key genes are linked with the most severe form of COVID-19, scientists said on Friday, in research that also pointed to several existing..."
"Dec 03, 2020",Top 5 Things to Watch in Markets in the Week Ahead,"By Andrea Shalal and Michelle Nichols
WASHINGTON/NEW YORK (Reuters) - The United States on Wednesday claimed a United Nations meeting of world leaders on the COVID-19 pandemic was..."
"Nov 13, 2020",Top 5 Things to Watch in Markets in the Week Ahead,"By Yasin Ebrahim
Investing.com - President Donald Trump on Friday said he expected Pfiizer's vaccine to be approved ""very soon,"" and talked up the prospect of a widespread roll out..."
"Nov 07, 2020",Top 5 Things to Watch in Markets in the Week Ahead,"By Anurag Maan
(Reuters) - U.S. coronavirus infections surged by at least 129,606 on Friday, according to a Reuters tally, the third consecutive daily rise of more than 100,000..."
"Oct 28, 2020",Top 5 Things to Watch in Markets in the Week Ahead,"By David Shepardson
WASHINGTON (Reuters) - Transmission risks of COVID-19 during airline flights are very low and below other routine activities during the pandemic such as grocery..."
"Oct 23, 2020",Top 5 Things to Watch in Markets in the Week Ahead,"By Nancy Lapid
(Reuters) - The following is a roundup of some of the latest scientific studies on the novel coronavirus and efforts to find treatments and vaccines for COVID-19,..."
"Oct 20, 2020",Top 5 Things to Watch in Markets in the Week Ahead,"By Rich McKay
(Reuters) - A Wisconsin judge on Monday reinstated limits on public gatherings including at bars and restaurants due to a surge in COVID-19, the governor's office..."
"Oct 16, 2020",Top 5 Things to Watch in Markets in the Week Ahead,"By Carl O'Donnell
NEW YORK (Reuters) - Drugmakers and research centers around the world are working on COVID-19 vaccines, with large global trials of several of the candidates..."
"Sep 30, 2020",Top 5 Things to Watch in Markets in the Week Ahead,"By Hyonhee Shin
SEOUL (Reuters) - South Koreans will forego some of their most cherished traditions when they celebrate their thanksgiving holiday of Chuseok this week, as the..."
"Sep 25, 2020",Top 5 Things to Watch in Markets in the Week Ahead,"By Barbara Goldberg
NEW YORK (Reuters) - New York is committed to making outdoor dining a permanent option for the thousands of restaurants that have embraced the concept since the..."
"Sep 17, 2020",Top 5 Things to Watch in Markets in the Week Ahead,"By Adam Claringbull
Investing.com – Oil was slightly up Friday morning in Asia, even as Gulf of Mexico rigs reopened after Hurricane Sally. Thursday’s OPEC+ meeting warning its..."
"Sep 14, 2020",Top 5 Things to Watch in Markets in the Week Ahead,"By Colin Packham
SYDNEY (Reuters) - Australia reported its lowest one-day rise in novel coronavirus infections in nearly three months on Monday as authorities began to ease..."
"Aug 11, 2020",Top 5 Things to Watch in Markets in the Week Ahead,"By Gina Lee
Investing.com – The dollar was down on Tuesday morning in Asia, reversing earlier gains even as the U.S. Congress moved closer to a consensus over the latest COVID-19..."
"Aug 04, 2020",Top 5 Things to Watch in Markets in the Week Ahead,"By Brendan O'Brien and Dan Whitcomb
CHICAGO (Reuters) - Teachers at dozens of school districts protested from their cars on Monday over plans by some U.S. governors to resume..."
"Jul 20, 2020",Top 5 Things to Watch in Markets in the Week Ahead,"By Bryan Wong
Investing.com - Oil was down on Monday morning in Asia, as investors continue to be spooked by the ever-increasing number of global COVID-19 cases.
Brent oil futures..."
"Jul 01, 2020",Top 5 Things to Watch in Markets in the Week Ahead,"By Emma Farge and John Revill
GENEVA (Reuters) - Nations who fail to use every mechanism available to combat the still-raging novel coronavirus will struggle to beat it, the World..."
"Jun 18, 2020",Top 5 Things to Watch in Markets in the Week Ahead,"By Mark Miller
CHICAGO (Reuters) - The COVID-19 pandemic has put a bright spotlight on weaknesses in many of the systems designed to protect Americans from risks. But with older..."
"Jun 10, 2020",Top 5 Things to Watch in Markets in the Week Ahead,"By Stephanie Nebehay
GENEVA (Reuters) - Studies show people with the coronavirus are most infectious just at the point when they first begin to feel unwell, World Health..."
"May 27, 2020",Top 5 Things to Watch in Markets in the Week Ahead,"By Robin Respaut and Deborah J. Nelson
(Reuters) - New diagnoses of one of the deadliest cancers fell by one-third in March and April as U.S. physicians and patients halted..."
"May 26, 2020",Top 5 Things to Watch in Markets in the Week Ahead,"By Helen Coster
(Reuters) - Before the coronavirus pandemic, Melanie Burns and her husband between them had planned five trips between April and September, including three to..."
"May 23, 2020",Top 5 Things to Watch in Markets in the Week Ahead,"By Deena Beasley
(Reuters) - The U.S. National Institutes of Health (NIH) said on Friday peer-reviewed data published in the New England Journal of Medicine show that Gilead..."
"May 20, 2020",Top 5 Things to Watch in Markets in the Week Ahead,"By Sarah N. Lynch
WASHINGTON (Reuters) - President Donald Trump's purge of several internal watchdogs at U.S. agencies could hobble anti-fraud oversight for the $3 trillion in..."
"May 18, 2020",Top 5 Things to Watch in Markets in the Week Ahead,"By Kirsty Needham
SYDNEY (Reuters) - A draft resolution pushed by the European Union and Australia calling for an independent review into the origins and spread of the coronavirus..."
"May 13, 2020",Top 5 Things to Watch in Markets in the Week Ahead,"By Yawen Chen and Ryan Woo
BEIJING (Reuters) - Authorities in the Chinese city where the novel coronavirus emerged launched an ambitious campaign on Wednesday to test all of its 11..."
"May 12, 2020",Top 5 Things to Watch in Markets in the Week Ahead,"By Deena Beasley
(Reuters) - Global alarm was sounded on Monday over a potential second wave of coronavirus infections after Germany reported that the reproduction rate of the..."
"May 11, 2020",Top 5 Things to Watch in Markets in the Week Ahead,"By Lisa Shumaker
(Reuters) - U.S. coronavirus deaths topped 80,000 on Monday, according to a Reuters tally, as nearly all states have taken steps to relax lockdown measures.
Deaths..."
"May 11, 2020",Dow Futures Move Higher As Investors Brace for Earnings,"By Elizabeth Culliford
(Reuters) - Twitter Inc (N:TWTR) will add labels and warning messages on some tweets with disputed or misleading information about COVID-19, the company..."
"May 11, 2020",Oil Rises as OPEC+ Members Voice Support For Supply Cut,"By Nancy Lapid
NEW YORK (Reuters) - The following is a brief roundup of the latest scientific studies on the novel coronavirus and efforts to find treatments and vaccines for..."
"May 04, 2020",Top 5 Things to Watch in Markets in the Week Ahead,"By Gavin Jones
ROME (Reuters) - Italy's coronavirus death toll is much higher than reported, statistics bureau ISTAT said on Monday in an analysis pointing to thousands of..."
"May 04, 2020",Dow Futures Move Higher As Investors Brace for Earnings,"By Gwladys Fouche
OSLO (Reuters) - Norway will give $1 billion to support the distribution worldwide of any vaccine developed against COVID-19 as well as for vaccines against other..."
"May 02, 2020",Top 5 Things to Watch in Markets in the Week Ahead,"By Roberto Ramirez
ECATEPEC, Mexico (Reuters) - Families in a poor satellite city of Mexico's capital with one of the country's most number of coronavirus cases have protested to..."
"May 02, 2020",Top 5 Things to Watch in Markets in the Week Ahead,"By Peter Nurse and Kim Khan
Investing.com – Rolling updates on the latest developments and headlines from around the world on the Covid-19 pandemic.
3:10 PM ET: Trump Wants ‘a Lot’..."
"Apr 30, 2020",Top 5 Things to Watch in Markets in the Week Ahead,"By Peter Nurse and Kim Khan
Investing.com – Rolling updates on the latest developments and headlines from around the world on the Covid-19 pandemic.
2:00 PM ET: U.S. Won’t Cancel..."
"Apr 29, 2020",Top 5 Things to Watch in Markets in the Week Ahead,"By Deena Beasley and Manas Mishra
(Reuters) - The top U.S. infectious disease official said Gilead Sciences Inc 's experimental antiviral drug remdesivir will become the standard..."
"Apr 29, 2020",Dow Futures Move Higher As Investors Brace for Earnings,"By David Morgan
WASHINGTON (Reuters) - Congressional Democrats on Wednesday proposed a bill that would require a U.S. coronavirus supply czar to oversee critical medical supplies,..."
"Apr 29, 2020",Top 5 Things to Watch in Markets in the Week Ahead,"By Gina Lee, Peter Nurse and Kim Khan
Investing.com – Rolling updates on the latest developments and headlines from around the world on the Covid-19 pandemic.
(3:00 PM ET)..."
"Apr 29, 2020",Dow Futures Move Higher As Investors Brace for Earnings,"By Elizabeth Culliford
(Reuters) - Twitter Inc (NYSE:TWTR) will grant researchers and software developers access to a real-time data stream of tens of millions of daily public..."
"Apr 28, 2020",Top 5 Things to Watch in Markets in the Week Ahead,"By Barani Krishnan 
Investing.com - Gold prices dipped for a third-straight day as bullion’s biggest movers stayed to the sidelines watching the gradual reopening of business in..."
"Apr 28, 2020",Dow Futures Move Higher As Investors Brace for Earnings,"By Gina Lee, Peter Nurse and Kim Khan 
Investing.com - Drugmaker Pfizer (NYSE:PFE) could have a vaccine for Covid-19 to use in emergencies by the fall if testing goes well,..."
"Apr 28, 2020",Top 5 Things to Watch in Markets in the Week Ahead,"By Steve Holland and Doina Chiacu
WASHINGTON (Reuters) - U.S. President Donald Trump's pause in holding White House coronavirus briefings only lasted the weekend as he took center..."
"Apr 28, 2020",Dow Futures Move Higher As Investors Brace for Earnings,"By Nathan Layne and Maria Caspani
(Reuters) - New York Governor Andrew Cuomo said on Monday his stay-at-home order will likely be extended beyond May 15 in many parts of the state,..."
"Apr 27, 2020",Oil Rises as OPEC+ Members Voice Support For Supply Cut,"By Gina Lee, Peter Nurse and Kim Khan
Investing.com – Certain areas of New York state will reopen in the middle of next month, Governor Andrew Cuomo said Monday.
General Motors..."
"Apr 27, 2020",Top 5 Things to Watch in Markets in the Week Ahead,"By Tina Bellon
NEW YORK (Reuters) - New York City, the epicenter of the U.S. coronavirus outbreak, will close some streets to vehicle traffic, expand sidewalks and create temporary..."
"Apr 24, 2020",Top 5 Things to Watch in Markets in the Week Ahead,"By Gina Lee, Peter Nurse and Kim Khan
Investing.com - President Donald Trump signed Friday the fourth U.S. stimulus package to aid the economy during the Covid-19 pandemic.
And..."
"Apr 23, 2020",Top 5 Things to Watch in Markets in the Week Ahead,"By Gina Lee, Peter Nurse and Kim Khan
Investing.com – New York state showed an infection rate from Covid-19 of nearly 14%, the governor said Thursday.
Another round of..."
"Apr 23, 2020",Top 5 Things to Watch in Markets in the Week Ahead,"By Brad Brooks and Andrew Hay
(Reuters) - Each day, hundreds of residents of Galveston County, Texas, are tested for the new coronavirus. Free diagnostic tests are being offered to..."
"Apr 22, 2020",Top 5 Things to Watch in Markets in the Week Ahead,"By Gina Lee, Peter Nurse and Kim Khan
Investing.com - Former New York Mayor Michael Bloomberg will be working on a Covid-19 testing/tracing program for New York, Connecticut and..."
"Apr 22, 2020",Top 5 Things to Watch in Markets in the Week Ahead,"By Doina Chiacu and Steve Holland
WASHINGTON (Reuters) - President Donald Trump and New York Governor Andrew Cuomo, two prominent figures in the U.S. coronavirus crisis who are..."
"Apr 22, 2020",Dow Futures Move Higher As Investors Brace for Earnings,"By Farah Master
HONG KONG (Reuters) - Demand for plant-based protein foods is surging in Asia, suppliers say, as suspicion over possible links between wild animal meat and the new..."
"Apr 22, 2020",Oil Rises as OPEC+ Members Voice Support For Supply Cut,"By Deena Beasley
(Reuters) - An old malaria drug touted by U.S. President Donald Trump as a ""game changer"" in the fight against the coronavirus provided no benefit and potentially..."
"Apr 21, 2020",Top 5 Things to Watch in Markets in the Week Ahead,"By Kim Khan
Investing.com - Details of the next round of federal support for U.S. small businesses emerged Tuesday.
The bill will provide $250 billion more for the Paycheck..."
"Apr 21, 2020",Top 5 Things to Watch in Markets in the Week Ahead,"By Gina Lee, Peter Nurse and Kim Khan
Investing.com – Hospitalizations in New York state for Covid1-9 are ""basically flat,"" according to its governor. 
The World Health..."
"Apr 20, 2020",Top 5 Things to Watch in Markets in the Week Ahead,"By Gregory Scruggs
OLYMPIA, WA. (Reuters) - An estimated 2,500 people rallied at the Washington state capitol on Sunday to protest Democratic Governor Jay Inslee’s stay-at-home..."
"Apr 16, 2020",Top 5 Things to Watch in Markets in the Week Ahead,"By Gina Lee, Peter Nurse and Kim Khan
Investing.com - President Donald Trump will unveil his guidelines for restarting the U.S. economy Thursday evening, and those guidelines will..."
"Apr 16, 2020",Top 5 Things to Watch in Markets in the Week Ahead,"By Maria Caspani and Jessica Resnick-Ault
NEW YORK (Reuters) - The death toll from the coronavirus pandemic in the United States approached 31,000 on Wednesday as governors began..."
"Apr 15, 2020",Dow Futures Move Higher As Investors Brace for Earnings,"By Gina Lee, Peter Nurse, Kim Khan and Yasin Ebrahim
Investing.com - Germany will begin reopening its economy next week, while some U.S. states seeing lower impact from the..."
"Apr 15, 2020",Top 5 Things to Watch in Markets in the Week Ahead,"By Megan Davies
NEW YORK (Reuters) - The coronavirus pandemic and economic shutdowns could have multiple second-order impacts such as deflation in some economies, a loss of output,..."
"Apr 15, 2020",Dow Futures Move Higher As Investors Brace for Earnings,"By Tina Bellon
(Reuters) - Uber Technologies (NYSE:UBER) Inc on Wednesday said customers in New York City and the Miami area could now order restaurant meal deliveries over the..."
"Apr 14, 2020",Top 5 Things to Watch in Markets in the Week Ahead,"By Gina Lee, Geoffrey Smith and Kim Khan
Investing.com - A May 1 restart to the U.S. economy may be “a bit overly optimistic,” Anthony Fauci, head of the National..."
"Apr 13, 2020",Top 5 Things to Watch in Markets in the Week Ahead,"By Isla Binnie
MADRID (Reuters) - A factory in northern Spain that makes gearboxes for wind turbines welcomed back workers on Monday after a two-week lockdown across the country to..."
"Apr 11, 2020",Top 5 Things to Watch in Markets in the Week Ahead,"By Jeff Mason
WASHINGTON (Reuters) - President Donald Trump said on Friday he faced his biggest decision yet with regard to when to re-open the U.S. economy from its coronavirus..."
"Apr 09, 2020",Top 5 Things to Watch in Markets in the Week Ahead,"By Gina Lee, Geoffrey Smith and Kim Khan
Investing.com - U.S. Treasury Secretary Steve Mnuchin said Thursday the U.S. economy could open up next month, while Federal Reserve..."
"Apr 08, 2020",Top 5 Things to Watch in Markets in the Week Ahead,"By Gina Lee, Geoffrey Smith and Kim Khan
Investing.com - Social Distancing is working in New York state and the curve of the coronavirus is flattening, New York Governor Andrew..."
"Apr 06, 2020",Top 5 Things to Watch in Markets in the Week Ahead,"By Michael Erman
(Reuters) - CVS Health Corp (N:CVS), called on by the Trump administration last month to help test Americans for infections from the new coronavirus, said it was..."
"Apr 06, 2020",Top 5 Things to Watch in Markets in the Week Ahead,"By Patpicha Tanakasempipat
BANGKOK (Reuters) - The United States had no knowledge of a shipment of face masks bound for Germany that officials in Berlin have accused it of..."
"Apr 05, 2020",Top 5 Things to Watch in Markets in the Week Ahead,"By Dan Burns
(Reuters) - The job losses suffered in March as the U.S. economy shut down in the face of the novel coronavirus pandemic were widespread but still were..."
"Apr 03, 2020",Top 5 Things to Watch in Markets in the Week Ahead,"By Alexander Marrow
MOSCOW (Reuters) - President Vladimir Putin on Friday accepted the third resignation of a regional governor within two days after calling on Russia's far-flung..."
"Apr 03, 2020",Dow Futures Move Higher As Investors Brace for Earnings,"By Nathan Layne and Maria Caspani
NEW YORK (Reuters) - New York suffered its deadliest single day from the novel coronavirus, with 562 additional deaths in the last 24 hours for a..."
"Apr 03, 2020",Top 5 Things to Watch in Markets in the Week Ahead,"By Shrutee Sarkar and Rahul Karunakar
BENGALURU (Reuters) - The global recession that economists polled by Reuters say is under way will be deeper than thought a few weeks ago due..."
"Apr 01, 2020",Top 5 Things to Watch in Markets in the Week Ahead,"By Susan Cornwell
WASHINGTON (Reuters) - U.S. House Speaker Nancy Pelosi said on Wednesday she wants to virus-proof the November election by including funding to boost voting by..."
"Apr 01, 2020",Top 5 Things to Watch in Markets in the Week Ahead,"By Eric Onstad
LONDON (Reuters) - The coronavirus pandemic is battering the global steel sector as huge swathes of industry that use steel shut down, with Europe hardest hit since..."
"Apr 01, 2020",Dow Futures Move Higher As Investors Brace for Earnings,"By Martin Quin Pollard
BEIJING (Reuters) - A team of Chinese scientists has isolated several antibodies that it says are ""extremely effective"" at blocking the ability of the new..."
"Mar 31, 2020",Top 5 Things to Watch in Markets in the Week Ahead,"By Doina Chiacu
WASHINGTON (Reuters) - U.S. health officials said on Tuesday they are discussing whether to recommend that the general public wear face masks as a way to prevent..."
